INSERT INTO Country (CountryID, Name, Region)VALUES
    (1, 'United States', 'North America'),
    (2, 'Germany', 'Europe'),
    (3,'Russia', 'Europe'),
    (4, 'Great Britain', 'Europe'),
    (5, 'Japan', 'Asia'),
    (6, 'China', 'Asia'),
    (7, 'Italy', 'Europe'),
    (8, 'France', 'Europe'),
    (9, 'Sweden', 'Europe'),
    (10, 'Israel', 'Asia');

INSERT INTO AirForce (AirForceID, Name, Size, CountryID) VALUES
    (1, 'USAF', 3200, 1),
    (2, 'Luftwaffe', 1000, 2),
    (3, 'Russian Air Force', 3000, 3),
    (4, 'Royal Air Force', 1000, 4),
    (5, 'Japan Air Self-Defense Force', 800, 5),
    (6, 'People''s Liberation Army Air Force', 2500, 6),
    (7, 'Italian Air Force', 500, 7),
    (8, 'French Air Force', 800, 8),
    (9, 'Swedish Air Force', 300, 9),
    (10, 'Israeli Air Force', 400, 10);

INSERT INTO Manufacturer (ManufacturerID, Name, Headquarters, EstablishedYear) VALUES
    -- US manufacturers
    (1, 'McDonnell Douglas', 'United States', 1967),
    (2, 'Northrop', 'United States', 1939),
    (3, 'Vought', 'United States', 1917),
    (4, 'Lockheed', 'United States', 1926),
    (5, 'Republic', 'United States', 1931),
    (6, 'North American', 'United States', 1967),
    (7, 'Grumman', 'United States', 1929),
    (8, 'General Dynamics', 'United States', 1899),
    (9, 'Bell', 'United States', 1960),
    (10, 'Fairchild', 'United States', 1925),
    -- German manufacturers
    (11, 'Arado', 'Germany', 1925),
    (12, 'Heinkel', 'Germany', 1922),
    (13, 'Messerschmitt', 'Germany', 1916),
    -- Russian manufacturers
    (14, 'Bereznyak-Isayev', 'Russia', 1946),
    (15, 'Mikoyan-Gurevich', 'Russia', 1939),
    (16, 'Lavochkin', 'Russia', 1939),
    (17, 'Sukhoi', 'Russia', 1939),
    (18, 'Ilyushin', 'Russia', 1933),
    (19, 'Tupolev', 'Russia', 1922),
    (20, 'Yakovlev', 'Russia', 1934),
    -- British manufacturers
    (21, 'Black burn', 'Great Britain', 1909),
    (22, 'British Aerospace', 'Great Britain', 1977),
    (23, 'British Aircraft Corporation', 'Great Britain', 1960),
    (24, 'English Electric', 'Great Britain', 1918),
    (25, 'Gloster', 'Great Britain', 1917),
    (26, 'de Havilland', 'Great Britain', 1920),
    (27, 'Hawker', 'Great Britain', 1935),
    (28, 'Panavia', 'Great Britain', 1969),
    (29, 'Supermarine', 'Great Britain', 1913),
    -- Japanese manufacturers
    (30, 'Nakajima', 'Japan', 1917),
    (31, 'Yokosuka', 'Japan', 1916),
    (32, 'Mitsubishi', 'Japan', 1920),
    -- Chinese manufacturers
    (33, 'Shenyang', 'China', 1951),
    (34, 'Chengdu', 'China', 1958),
    (35, 'Nanchang', 'China', 1951),
    (36, 'Xian', 'China', 1958),
    -- Italian manufacturers
    (37, 'Aerfer', 'Italy', 1955),
    (38, 'Fiat', 'Italy', 1908),
    (39, 'AMX', 'Italy', 1980),
    -- French manufacturers
    (40, 'Dassault', 'France', 1929),
    (41, 'SEPECAT', 'France', 1966),
    (42, 'Sud', 'France', 1957),
    -- Swedish manufacturers
    (43, 'Saab', 'Sweden', 1937),
    -- Israeli manufacturers
    (44, 'IAI', 'Israel', 1953);

INSERT INTO JetModel (ModelID, Name, IntroductionYear, MaxSpeed, Armament, ManufacturerID) VALUES 
    -- American jets
    (1, 'F-4', 1960, 2370, '20 mm M61A1, AIM-7 Sparrow, AIM-9 Sidewinder', 1),
    (2, 'F-5', 1964, 1741, '2 x 20 mm M39A2, AIM-9 Sidewinder, AIM-120 AMRAAM', 2),
    (3, 'F-8', 1957, 1974, '4 x 20 mm Colt Mk 12, AIM-9 Sidewinder', 3),
    (4, 'F-80', 1945, 956, '6 x 12.7 mm M3 Browning', 4),
    (5, 'F-84', 1947, 1001, '6 x 12.7 mm M3 Browning', 5),
    (6, 'F-86', 1949, 1106, '6 x 12.7 mm M3 Browning', 6),
    (7, 'F-89', 1950, 1038, null, 2),
    (8, 'F-104', 1958, 2459, '20 mm M61A1, AIM-9 Sidewinder', 4),
    (9, 'F-14', 1974, 2485, '20 mm M61A1, AIM-54 Phoenix, AIM-7 Sparrow, AIM-9 Sidewinder', 7),
    (10, 'F-15', 1976, 2655, '20 mm M61A1, AIM-7 Sparrow, AIM-9 Sidewinder, AIM-120 AMRAAM', 1),
    (11, 'F-16', 1978, 1500, '20 mm M61A1, AIM-7 Sparrow, AIM-9 Sidewinder, AIM-120 AMRAAM', 4),
    (12, 'F9F', 1952, 1053, '4 x 20 mm AN/M3', 7),
    (13, 'P-59', 1942, 665, '37 mm M10, 3 x 12.7 mm AN/M2', 9) ,
    (14, 'F2H', 1948, 580, '4 x 20 mm Colt Mk 12, AIM-9 Sidewinder', 1),
    (15, 'F3D', 1951, 850, '4 x 20 mm M2, Sparrow I', 1),
    (16, 'F3H', 1956, 1152, '4 x 20 mm Colt Mk 12, AIM-7 Sparrow, AIM-9 Sidewinder', 1),
    (17, 'F4D', 1956, 1161, '4 x 20 mm Colt Mk 12, AIM-9 Sidewinder', 1),
    (18, 'F11', 1956, 1211, '4 x 20 mm Colt Mk 12, AIM-9 Sidewinder', 7),
    (19, 'F-100', 1954, 1487, '4 x 20mm M39A1', 6),
    (20, 'FJ-4', 1954, 1094, '4 x 20 mm Colt Mk 12, AIM-9 Sidewinder', 6),
    (21, 'A-4', 1956, 1083, '2 x 20 mm Colt Mk 12, AIM-9 Sidewinder', 1),
    (22, 'A-6', 1963, 1040, 'AIM-9 Sidewinder', 7),
    (23, 'A-7', 1967, 1102, '20 mm M61A1, AIM-9 Sidewinder', 3),
    (24, 'AV-8', 1985, 1083, '25 mm GAU-12, AIM-9 Sidewinder, AIM-120 AMRAAM', 1),
    (25, 'A-10', 1977, 706, '30 mm GAU-8/A Avenger, AIM-9 Sidewinder', 10),
    (26, 'B-57', 1954, 960, '4 x 20 mm M39', 4),
    (27, 'F-105', 1958, 2240, '20 mm M61A1, AIM-9 Sidewinder', 5),
    (28, 'F-111', 1967, 2656, '20 mm M61A1, AIM-9 Sidewinder', 8),
    -- German jets
    (29, 'Ar 234', 1944, 742, null, 11),
    (30, 'He 162', 1945, 840, '2 x 20 mm MG 151/20 or 2 x 30 mm MK 108', 12),
    (31, 'Me 163', 1944, 900, '2 x 20 mm MG 151/20 or 2 x 30 mm MK 108', 13),
    (32, 'Me 262', 1944, 900, '4 x 30 mm MK 108', 13),
    -- Russian jets
    (33, 'BI', 1942, 800, '2 x 20 mm shVAK', 14),
    (34, 'Yak-15', 1946, 786, '2 x 23 mm NS-23', 20),
    (35, 'Yak-17', 1947, 744, '2 x 23 mm NS-23', 20),
    (36, 'Yak-23', 1949, 925, '2 x 23 mm NS-23', 20),
    (37, 'Yak-28', 1960, 1840, 'R-98M, K-13A', 20),
    (38, 'Yak-30', 1948, 1030, '3 x 23 mm NR-23', 20),
    (40, 'Yak-38', 1976, 1280, '23 mm GSh-23L, R-60, R-60M', 20),
    (41, 'Yak-141', 1987, 1800, '30mm GSh-30-1, R-73 Archer, R-77, R-27', 20),
    (42, 'MiG-9', 1946, 864, '37 mm N-37, 2 x 23 mm NS-23', 15),
    (43, 'Mig-15', 1949, 1076, '2 x 23 mm NR-23, 37 mm N-37', 15),
    (44, 'MiG-17', 1952, 1145, '2 x 23 mm NR-23, 37 mm N-37', 15),
    (45, 'MiG-19', 1955, 1452, '3 x 30 mm NR-30', 15),
    (46, 'MiG-21', 1959, 2175, '23 mm GSh-23L, K-13, R-55, R-60', 15),
    (47, 'MiG-23', 1970, 2500, '23 mm GSh-23L, S-5, S-8M, S-24B', 15),
    (48, 'MiG-27', 1975, 1885, '30 mm GSh-6-30, R-60, R-73, R-23, R-24, R-13M, R-13M1, R-3S', 15),
    (49, 'MiG-29', 1983, 2450, '30 mm GSh-30-1, R-60, R-73, R-77', 15),
    -- British jets
    (50, 'Buccaneer', 1962, 1070, 'AIM-9 Sidewinder, AS-37 Martel, AJ-168 TV Martel, Sea Eagle', 21),
    (51, 'Harrier', 1969, 1176, '2 x 30 mm ADEN, AIM-9 Sidewinder', 27),
    (52, 'Strikemaster', 1967, 774, '2 x 7.62 mm', 23),
    (53, 'Canberra', 1951, 930, '4 x 20 mm Hispano, AS-30L', 24),
    (54, 'Lightning', 1960, 2780, '2 x 30 mm ADEN, Firestreak, Red Top', 24),
    (55, 'Meteor', 1944, 970, '4 x 20 mm Hispano', 25),
    (56, 'Javelin', 1956, 1140, '4 x 30 mm ADEN, Firestreak', 25),
    (57, 'Vampire', 1946, 882, '4 x 20 mm Hispano Mk.V', 26),
    (58, 'Venom', 1952, 1030, '4 x 20 mm Hispano Mk.V', 26),
    (59, 'Sea Venom', 1951, 927, '4 x 20 mm Hispano Mk.V', 26),
    (60, 'Sea Vixen', 1959, 1100, 'Red Top, Firestreak', 26),
    (61, 'Sea Hawk', 1953, 970, '4 x 20 mm Hispano Mk.V', 27),
    (62, 'Hunter', 1954, 1151, '4 x 30 mm ADEN, Firestreak', 27),
    (63, 'Tornado', 1974, 2400, '27 mm Mauser BK-27, AIM-9 Sidewinder, AIM-132 ASRAAM', 28),
    (64, 'Jaguar', 1973, 1699, '2 x 30 mm DEFA, AS.32 Martel, AIM-9 Sidewinder', 41),
    (65, 'Attacker', 1950, 950, '4 x 20 mm Hispano Mk.V', 29),
    (66, 'Scimitar', 1957, 1190, '4 x 30 mm ADEN, AIM-9 Sidewinder', 29),
    (67, 'Swift', 1954, 1150, '2 x 30 mm ADEN', 29),
    -- Japanese jets
    (68, 'Kikka', 1945, 696, null, 30),
    (69, 'R2Y', 1945, 719, null, 31),
    (70, 'J8M',  1945, 900, '2 x 30 mm Ho-155', 32),
    (71, 'F-1', 1978, 1700, '20 mm JM61A1, AIM-9 Sidewinder, AAM-1', 32),
    (72, 'T-2', 1975, 1700, '20 mm JM61A1, AIM-9 Sidewinder', 32),
    -- Chinese jets
    (73, 'J-5', 1957, 1130, '3 x 23 mm Type 23-1', 33),
    (74, 'J-6', 1962, 1540, '3 x 30 mm NR-30, PL-2, PL-5', 33),
    (75, 'J-7', 1966, 2200, '2 x 30 mm Type 30-1, PL-2, PL-5, PL-7, PL-8, PL-9, K-13, Magic R.550, AIM-9 Sidewinder', 34),
    (76, 'J-8', 1980, 2300, '1 x 23 mm Type 23-III, PL-5, PL-9, R-27R1, PL-11', 33),
    (77, 'J-11', 1998, 2500, '1 x 30 mm GSh-30-1, PL-15, PL-12, PL-10, PL-9, PL-8, Vympel R-77, Vympel R-27, Vympel R-73', 33),
    (78, 'Q-5', 1970, 1210, '2 x 23 mm Norinco Type 23-2K, PL-2, PL-5, PL-7', 35),
    (79, 'JH-7', 1992, 1808, '23 mm Type GSh-23L, PL-5, PL-8, PL-9, PL-12', 36),
    -- Italian jets
    (80, 'Sagittario 2', 1956, 1006, '2 x 30 mm Hispano-Suiza HSS 825 L/70', 37),
    (81, 'Ariete', 1958, 1125, '2 x 30 mm HS-825', 37),
    (82, 'G.91', 1958, 1075, '4 x 12.7 M3 Browning or 2 x 30 mm DEFA, Nord AS-20, AIM-9 Sidewinder', 38),
    (83, 'AMX', 1989, 1053, '20 mm M61A1, 2 x 30 mm Bernardini Mk-164, AIM-9 Sidewinder, MAA-1, A-Darter', 39),
    -- French jets
    (84, 'Ouragan', 1952, 940, '4 x 20 mm Hispano-Suiza HS.404', 40),
    (85, 'Mystere', 1954, 1060, '2 x 30 mm DEFA', 40),
    (86, 'Super Mystere', 1954, 1195, '2 x 30 mm DEFA 552, Rafael Shafrir AAM', 40),
    (87, 'Mirage III', 1961, 2350, '2 x 30 mm DEFA 552, AIM-9 Sidewinder, Matra R.550 Magic, Matra R.530', 40),
    (88, 'Mirage 5', 1967, 2350, '2 x 30 mm DEFA 552, AIM-9 Sidewinder, Matra R.550 Magic', 40),
    (89, 'Mirage 2000', 1984, 2336, '2 x 30 mm DEFA 554, MBDA MICA, Matra R550 Magic-II', 40),
    (90, 'Mirage 4000', 1979, 2445, '2 x 30 mm DEFA', 40),
    (91, 'Mirage F1', 1973, 2338, '2 x 30 mm DEFA 553, AIM-9 Sidewinder, Matra R550 Magic, Matra R.530, AS-30L', 40),
    (92, 'Etendard IV', 1962, 1099, '2 x 30 mm DEFA 552, AIM-9 Sidewinder, Matra Magic, Nord AS.30, AS.20', 40 ),
    (93, 'Super Etendard', 1978, 1205, '2 x 30 mm DEFA 552, AS-30L, Matra Magic', 40),
    (94, 'Vautour', 1956, 1106, '4 x 30 mm DEFA 552', 42),
    -- Swedish jets
    (95, '21', 1945, 650, '20 mm akan m/45, 4 x 13.2 mm akan m/39A', 43),
    (96, '29 Tunnan', 1951, 1060, '4 x 20 mm Akan M/47C, Rb 24', 43),
    (97, '32 Lansen', 1956, 1200, '4 x 30 mm ADEN, Rb 24', 43),
    (98, '35 Draken', 1960, 2450, '2 x 30 mm Akan M/55, RB 24, RB 27, RB 28', 43),
    (99, '37 Viggen', 1971, 2231, '1 x 30 mm Oerlikon KCA, RB99 AMRAAM, RB71 Skyflash, AIM-9 Sidewinder', 43),
    (100, '39 Gripen', 1996, 2100, '1 x 27 mm Mauser BK-27, AIM-9 Sidewinder, A-Darter', 43),
    -- Israeli jets
    (101, 'Kfir', 1976, 2440, '2 x 30mm DEFA 553, AIM-9 Sidewinder, Python', 44),
    (102, 'Nesher', 1972, 2573, '2 x 30mm DEFA 552', 44);

INSERT INTO Pilot (PilotID, Name, Rank, ExperienceYears, AirforceID) VALUES
    -- American pilots
    (1, 'Maverick', 'Captain', 20, 1),
    (2, 'Rooster', 'Lieutenant', 5, 1),
    (3, 'Goose', 'Lieutenant', 3, 1),
    (4, 'Hangman', 'Lieutenant', 2, 1),
    (5, 'Iceman', 'Lieutenant', 12, 1),
    (6, 'Bob', 'Lieutenant', 6, 1),
    (7, 'Phoenix', 'Lieutenant', 7, 1),
    (8, 'Payback', 'Lieutenant', 4, 1),
    (9, 'Fanboy', 'Lieutenant', 3, 1),
    (10, 'Coyote', 'Lieutenant', 9, 1),
    (11, 'Fritz', 'Lieutenant', 2, 1),
    (12, 'Yale', 'Lieutenant', 4, 1),
    (13, 'Harvard', 'Lieutenant', 4, 1),
    (14, 'Omaha', 'Lieutenant', 8, 1),
    (15, 'Halo', 'Lieutenant', 6, 1),
    -- German pilots
    (16, 'Hans', 'Oberleutnant', 10, 2),
    (17, 'Klaus', 'Leutnant', 5, 2),
    (18, 'Gunter', 'Leutnant', 3, 2),
    (19, 'Heinz', 'Leutnant', 2, 2),
    (20, 'Dieter', 'Leutnant', 12, 2),
    (21, 'Fritz', 'Leutnant', 6, 2),
    (22, 'Wolfgang', 'Leutnant', 7, 2),
    (23, 'Karl', 'Leutnant', 4, 2),
    (24, 'Hermann', 'Leutnant', 3, 2),
    (25, 'Gustav', 'Leutnant', 9, 2),
    (26, 'Wilhelm', 'Leutnant', 2, 2),
    (27, 'Kurt', 'Leutnant', 4, 2),
    (28, 'Rudolf', 'Leutnant', 4, 2),
    (29, 'Erich', 'Leutnant', 8, 2),
    (30, 'Hans-Joachim', 'Leutnant', 6, 2),
    -- Russian pilots
    (31, 'Ivan', 'Starshiy Leytenant', 10, 3),
    (32, 'Vladimir', 'Leytenant', 5, 3),
    (33, 'Yuri', 'Leytenant', 3, 3),
    (34, 'Mikhail', 'Leytenant', 2, 3),
    (35, 'Sergei', 'Leytenant', 12, 3),
    (36, 'Dmitri', 'Leytenant', 6, 3),
    (37, 'Nikolai', 'Leytenant', 7, 3),
    (38, 'Pavel', 'Leytenant', 4, 3),
    (39, 'Viktor', 'Leytenant', 3, 3),
    (40, 'Andrei', 'Leytenant', 9, 3),
    (41, 'Igor', 'Leytenant', 2, 3),
    (42, 'Boris', 'Leytenant', 4, 3),
    (43, 'Vasili', 'Leytenant', 4, 3),
    (44, 'Yevgeny', 'Leytenant', 8, 3),
    (45, 'Aleksandr', 'Leytenant', 6, 3),
    -- British pilots
    (46, 'James', 'Flight Lieutenant', 10, 4),
    (47, 'William', 'Flying Officer', 5, 4),
    (48, 'Charles', 'Flying Officer', 3, 4),
    (49, 'Henry', 'Flying Officer', 2, 4),
    (50, 'George', 'Flying Officer', 12, 4),
    (51, 'Edward', 'Flying Officer', 6, 4),
    (52, 'Andrew', 'Flying Officer', 7, 4),
    (53, 'Philip', 'Flying Officer', 4, 4),
    (54, 'Richard', 'Flying Officer', 3, 4),
    (55, 'John', 'Flying Officer', 9, 4),
    (56, 'David', 'Flying Officer', 2, 4),
    (57, 'Peter', 'Flying Officer', 4, 4),
    (58, 'Paul', 'Flying Officer', 4, 4),
    (59, 'Simon', 'Flying Officer', 8, 4),
    (60, 'Stephen', 'Flying Officer', 6, 4),
    -- Japanese pilots
    (61, 'Takashi', 'Chusa', 10, 5),
    (62, 'Hiroshi', 'Taii', 5, 5),
    (63, 'Tetsuo', 'Taii', 3, 5),
    (64, 'Kazuo', 'Taii', 2, 5),
    (65, 'Takayuki', 'Taii', 12, 5),
    (66, 'Yoshio', 'Taii', 6, 5),
    (67, 'Takao', 'Taii', 7, 5),
    (68, 'Toshiro', 'Taii', 4, 5),
    -- Chinese pilots
    (69, 'Li', 'Zhongwei', 10, 6),
    (70, 'Wang', 'Zhongwei', 5, 6),
    (71, 'Zhang', 'Zhongwei', 3, 6),
    (72, 'Liu', 'Zhongwei', 2, 6),
    (73, 'Chen', 'Zhongwei', 12, 6),
    (74, 'Yang', 'Zhongwei', 6, 6),
    (75, 'Zhao', 'Zhongwei', 7, 6),
    (76, 'Huang', 'Zhongwei', 4, 6),
    -- Italian pilots
    (77, 'Giovanni', 'Capitano', 10, 7),
    (78, 'Mario', 'Tenente', 5, 7),
    (79, 'Luigi', 'Tenente', 3, 7),
    (80, 'Carlo', 'Tenente', 2, 7),
    (81, 'Antonio', 'Tenente', 12, 7),
    (82, 'Francesco', 'Tenente', 6, 7),
    (83, 'Giuseppe', 'Tenente', 7, 7),
    (84, 'Angelo', 'Tenente', 4, 7),
    -- French pilots
    (85, 'Jean', 'Capitaine', 10, 8),
    (86, 'Pierre', 'Lieutenant', 5, 8),
    (87, 'Jacques', 'Lieutenant', 3, 8),
    (88, 'Henri', 'Lieutenant', 2, 8),
    (89, 'Paul', 'Lieutenant', 12, 8),
    (90, 'Francois', 'Lieutenant', 6, 8),
    (91, 'Louis', 'Lieutenant', 7, 8),
    (92, 'Michel', 'Lieutenant', 4, 8),
    -- Swedish pilots
    (93, 'Gustav', 'Major', 10, 9),
    (94, 'Sven', 'Kapten', 5, 9),
    (95, 'Lars', 'Kapten', 3, 9),
    (96, 'Bjorn', 'Kapten', 2, 9),
    (97, 'Anders', 'Kapten', 12, 9),
    (98, 'Johan', 'Kapten', 6, 9),
    (99, 'Erik', 'Kapten', 7, 9),
    (100, 'Nils', 'Kapten', 4, 9),
    -- Israeli pilots
    (101, 'Yossi', 'Aluf', 10, 10),
    (102, 'Avi', 'Aluf', 5, 10),
    (103, 'Eli', 'Aluf', 3, 10),
    (104, 'Yair', 'Aluf', 2, 10),
    (105, 'Amos', 'Aluf', 12, 10),
    (106, 'Yitzhak', 'Aluf', 6, 10),
    (107, 'Yehuda', 'Aluf', 7, 10),
    (108, 'Yoram', 'Aluf', 4, 10);

INSERT INTO MissionType (MissionTypeID, Description) VALUES
    (1, 'Combat'),
    (2, 'Reconnaissance'),
    (3, 'Transport'),
    (4, 'Search and Rescue'),
    (5, 'Training'),
    (6, 'Bomber'),
    (7, 'Interceptor'),
    (8, 'Electronic Warfare'),
    (9, 'Air Superiority'),
    (10, 'Close Air Support'),
    (11, 'Anti-Submarine Warfare'),
    (12, 'Anti-Ship Warfare'),
    (13, 'Airborne Early Warning'),
    (14, 'Aerial Refueling'),
    (15, 'Maritime Patrol'),
    (16, 'Airborne Command and Control'),
    (17, 'Airborne Surveillance'),
    (18, 'Airborne Mine Countermeasures'),
    (19, 'Airborne Anti-Surface Warfare'),
    (20, 'Airborne Anti-Submarine Warfare'),
    (21, 'Airborne Anti-Ship Warfare'),
    (22, 'Airborne Anti-Surface Warfare'),
    (23, 'Airborne Anti-Submarine Warfare'),
    (24, 'Airborne Anti-Ship Warfare'),
    (25, 'Airborne Anti-Surface Warfare'),
    (26, 'Airborne Anti-Submarine Warfare'),
    (27, 'Airborne Anti-Ship Warfare');

INSERT INTO Missions (ModelID, MissionTypeID) VALUES
    (1, 1),
    (2, 10),
    (3, 6),
    (4, 24),
    (5, 4),
    (6, 12),
    (7, 6),
    (8, 26),
    (9, 21),
    (10, 7),
    (11, 25),
    (12, 12),
    (13, 18),
    (14, 11),
    (15, 10),
    (16, 14),
    (17, 22),
    (18, 23),
    (19, 10),
    (20, 13),
    (21, 27),
    (22, 8),
    (23, 3),
    (24, 4),
    (25, 6),
    (26, 4),
    (27, 10),
    (28, 14),
    (29, 16),
    (30, 24),
    (31, 16),
    (32, 10),
    (33, 4),
    (34, 24),
    (35, 7),
    (36, 15),
    (37, 5),
    (38, 11),
    (39, 3),
    (40, 2),
    (41, 16),
    (42, 26),
    (43, 15),
    (44, 26),
    (45, 10),
    (46, 1),
    (47, 25),
    (48, 15),
    (49, 3),
    (50, 12),
    (51, 6),
    (52, 19),
    (53, 8),
    (54, 11),
    (55, 1),
    (56, 12),
    (57, 18),
    (58, 5),
    (59, 25),
    (60, 21),
    (61, 7),
    (62, 10),
    (63, 8),
    (64, 5),
    (65, 14),
    (66, 6),
    (67, 6),
    (68, 8),
    (69, 22),
    (70, 7),
    (71, 22),
    (72, 22),
    (73, 4),
    (74, 15),
    (75, 2),
    (76, 12),
    (77, 20),
    (78, 19),
    (79, 10),
    (80, 3),
    (81, 7),
    (82, 4),
    (83, 4),
    (84, 13),
    (85, 9),
    (86, 20),
    (87, 27),
    (88, 11),
    (89, 6),
    (90, 9),
    (91, 2),
    (92, 18),
    (93, 19),
    (94, 27),
    (95, 12),
    (96, 15),
    (97, 26),
    (98, 11),
    (99, 9),
    (100, 11),
    (101, 20),
    (102, 4);

INSERT INTO OperatedBy (ModelID, AirForceID) VALUES
    (1, 1),
    (2, 1),
    (3, 1),
    (4, 1),
    (5, 1),
    (6, 1),
    (7, 1),
    (8, 1),
    (9, 1),
    (10, 1),
    (11, 1),
    (12, 1),
    (13, 1),
    (14, 1),
    (15, 1),
    (16, 1),
    (17, 1),
    (18, 1),
    (19, 1),
    (20, 1),
    (21, 1),
    (22, 1),
    (23, 1),
    (24, 1),
    (25, 1),
    (26, 1),
    (27, 1),
    (28, 1),
    (29, 2),
    (30, 2),
    (31, 2),
    (32, 2),
    (33, 3),
    (34, 3),
    (35, 3),
    (36, 3),
    (37, 3),
    (38, 3),
    (39, 3),
    (40, 3),
    (41, 3),
    (42, 3),
    (43, 3),
    (44, 3),
    (45, 3),
    (46, 3),
    (47, 3),
    (48, 3),
    (49, 3),
    (50, 4),
    (51, 4),
    (52, 4),
    (53, 4),
    (54, 4),
    (55, 4),
    (56, 4),
    (57, 4),
    (58, 4),
    (59, 4),
    (60, 4),
    (61, 4),
    (62, 4),
    (63, 4),
    (64, 4),
    (65, 4),
    (66, 4),
    (67, 4),
    (68, 5),
    (69, 5),
    (70, 5),
    (71, 5),
    (72, 5),
    (73, 6),
    (74, 6),
    (75, 6),
    (76, 6),
    (77, 6),
    (78, 6),
    (79, 6),
    (80, 7),
    (81, 7),
    (82, 7),
    (83, 7),
    (84, 8),
    (85, 8),
    (86, 8),
    (87, 8),
    (88, 8),
    (89, 8),
    (90, 8),
    (91, 8),
    (92, 8),
    (93, 8),
    (94, 8),
    (95, 9),
    (96, 9),
    (97, 9),
    (98, 9),
    (99, 9),
    (100, 10),
    (101, 10),
    (102, 10);